Activation,Metric,Region,n,mean,sd,ci_boot_low,ci_boot_high,ci_norm_low,ci_norm_high
logish,Dice,ET,73,0.8046,0.0894,0.7831,0.8238,0.7841,0.8251
logish,Dice,TC,73,0.866,0.1098,0.8394,0.889,0.8408,0.8912
logish,Dice,WT,73,0.877,0.0912,0.8543,0.8963,0.8561,0.898
logish,Dice,NCR,73,0.6697,0.2359,0.6133,0.7206,0.6156,0.7238
logish,Dice,ED,73,0.7909,0.1313,0.7604,0.819,0.7607,0.821
logish,HD95,ET,73,2.0789,2.8144,1.5166,2.7916,1.4332,2.7245
logish,HD95,TC,73,2.3314,3.3234,1.6257,3.1443,1.569,3.0938
logish,HD95,WT,73,2.2066,3.3759,1.5239,3.0444,1.4321,2.981
logish,HD95,NCR,73,5.6041,5.9886,4.3635,7.1083,4.2303,6.9778
logish,HD95,ED,73,3.3305,3.8855,2.5175,4.323,2.4391,4.2218
logish,Sens,ET,73,0.8294,0.126,0.7995,0.8579,0.8005,0.8583
logish,Sens,TC,73,0.8486,0.1191,0.8205,0.8742,0.8213,0.876
logish,Sens,WT,73,0.8693,0.1275,0.839,0.8966,0.84,0.8985
logish,Sens,NCR,73,0.6325,0.2367,0.5778,0.686,0.5782,0.6868
logish,Sens,ED,73,0.8006,0.1593,0.7624,0.8353,0.764,0.8371
logish,Prec,ET,73,0.8021,0.1085,0.7749,0.8259,0.7772,0.827
logish,Prec,TC,73,0.9031,0.1248,0.8718,0.9285,0.8745,0.9318
logish,Prec,WT,73,0.903,0.081,0.8834,0.9202,0.8844,0.9216
logish,Prec,NCR,73,0.7979,0.215,0.7449,0.844,0.7486,0.8472
logish,Prec,ED,73,0.8097,0.1354,0.7783,0.8394,0.7786,0.8408
smish,Dice,ET,73,0.8012,0.1008,0.7774,0.823,0.778,0.8243
smish,Dice,TC,73,0.8602,0.1181,0.8321,0.886,0.8331,0.8873
smish,Dice,WT,73,0.8711,0.102,0.8464,0.892,0.8477,0.8945
smish,Dice,NCR,73,0.6609,0.2369,0.6059,0.7132,0.6066,0.7153
smish,Dice,ED,73,0.7851,0.1391,0.7507,0.8162,0.7532,0.817
smish,HD95,ET,73,2.1732,3.5469,1.4891,3.097,1.3595,2.9868
smish,HD95,TC,73,2.5083,4.0704,1.6925,3.5256,1.5745,3.442
smish,HD95,WT,73,2.3952,3.5261,1.6768,3.3012,1.5863,3.2041
smish,HD95,NCR,73,5.5486,5.9059,4.2961,6.961,4.1938,6.9034
smish,HD95,ED,73,3.5554,4.2806,2.669,4.5804,2.5734,4.5374
smish,Sens,ET,73,0.817,0.1362,0.7845,0.8449,0.7857,0.8482
smish,Sens,TC,73,0.8429,0.1367,0.8109,0.8719,0.8115,0.8743
smish,Sens,WT,73,0.8612,0.1366,0.8287,0.8896,0.8299,0.8926
smish,Sens,NCR,73,0.641,0.2409,0.5836,0.6942,0.5858,0.6963
smish,Sens,ED,73,0.7916,0.1644,0.752,0.8274,0.7539,0.8293
smish,Prec,ET,73,0.8084,0.1082,0.7835,0.8328,0.7835,0.8332
smish,Prec,TC,73,0.8974,0.1161,0.8686,0.9214,0.8708,0.924
smish,Prec,WT,73,0.9023,0.0839,0.882,0.92,0.883,0.9215
smish,Prec,NCR,73,0.7632,0.2352,0.7076,0.8147,0.7092,0.8171
smish,Prec,ED,73,0.8102,0.1408,0.7761,0.841,0.7779,0.8425
tanhexp,Dice,ET,73,0.8115,0.0768,0.7936,0.8281,0.7939,0.8291
tanhexp,Dice,TC,73,0.8644,0.1177,0.836,0.8884,0.8374,0.8914
tanhexp,Dice,WT,73,0.8792,0.084,0.8586,0.8969,0.8599,0.8984
tanhexp,Dice,NCR,73,0.6645,0.2438,0.607,0.7171,0.6086,0.7205
tanhexp,Dice,ED,73,0.7907,0.127,0.7614,0.819,0.7615,0.8198
tanhexp,HD95,ET,73,2.2564,3.7909,1.5007,3.2645,1.3868,3.1261
tanhexp,HD95,TC,73,2.9482,5.7801,1.799,4.4233,1.6222,4.2741
tanhexp,HD95,WT,73,2.1014,2.8276,1.5271,2.7977,1.4527,2.75
tanhexp,HD95,NCR,73,5.7494,6.6682,4.3157,7.3885,4.2197,7.2791
tanhexp,HD95,ED,73,3.3706,3.8196,2.5436,4.33,2.4944,4.2468
tanhexp,Sens,ET,73,0.8477,0.0963,0.8255,0.8689,0.8257,0.8698
tanhexp,Sens,TC,73,0.8591,0.1001,0.8361,0.8813,0.8361,0.882
tanhexp,Sens,WT,73,0.8793,0.1167,0.8501,0.9043,0.8525,0.906
tanhexp,Sens,NCR,73,0.6332,0.2352,0.5775,0.6854,0.5793,0.6872
tanhexp,Sens,ED,73,0.8073,0.1522,0.7707,0.8401,0.7724,0.8422
tanhexp,Prec,ET,73,0.7935,0.1107,0.7672,0.8171,0.7681,0.8189
tanhexp,Prec,TC,73,0.8872,0.1473,0.8503,0.9168,0.8534,0.921
tanhexp,Prec,WT,73,0.8939,0.0817,0.8738,0.9117,0.8751,0.9126
tanhexp,Prec,NCR,73,0.7914,0.2389,0.734,0.8422,0.7366,0.8462
tanhexp,Prec,ED,73,0.7999,0.1354,0.7684,0.8296,0.7689,0.831
relu,Dice,ET,73,0.8054,0.0834,0.7859,0.8235,0.7862,0.8245
relu,Dice,TC,73,0.8714,0.0972,0.8487,0.8915,0.8491,0.8937
relu,Dice,WT,73,0.8714,0.0901,0.8496,0.8908,0.8508,0.8921
relu,Dice,NCR,73,0.6626,0.2304,0.6094,0.7142,0.6098,0.7155
relu,Dice,ED,73,0.782,0.1366,0.749,0.8123,0.7506,0.8133
relu,HD95,ET,73,1.9331,2.5224,1.441,2.5715,1.3545,2.5118
relu,HD95,TC,73,2.2777,3.3485,1.6003,3.0856,1.5095,3.0458
relu,HD95,WT,73,2.497,3.5685,1.7699,3.3872,1.6784,3.3156
relu,HD95,NCR,73,5.3151,6.4043,3.9629,6.889,3.846,6.7842
relu,HD95,ED,73,4.3855,8.2808,2.853,6.5447,2.4859,6.2851
relu,Sens,ET,73,0.857,0.1066,0.8319,0.8798,0.8325,0.8814
relu,Sens,TC,73,0.8817,0.0973,0.8585,0.9031,0.8594,0.904
relu,Sens,WT,73,0.8835,0.1212,0.8541,0.9094,0.8557,0.9113
relu,Sens,NCR,73,0.6514,0.2374,0.5946,0.7033,0.597,0.7059
relu,Sens,ED,73,0.8041,0.1596,0.7663,0.8398,0.7675,0.8407
relu,Prec,ET,73,0.777,0.1149,0.751,0.8023,0.7506,0.8033
relu,Prec,TC,73,0.8747,0.1218,0.8441,0.8999,0.8467,0.9026
relu,Prec,WT,73,0.8767,0.0961,0.8546,0.8973,0.8547,0.8988
relu,Prec,NCR,73,0.7473,0.2245,0.6934,0.7956,0.6958,0.7988
relu,Prec,ED,73,0.7878,0.1517,0.7521,0.8216,0.753,0.8226
leaky_relu,Dice,ET,73,0.8094,0.0848,0.7895,0.8274,0.7899,0.8288
leaky_relu,Dice,TC,73,0.8658,0.1038,0.8402,0.8882,0.8419,0.8896
leaky_relu,Dice,WT,73,0.8773,0.0839,0.8575,0.8958,0.8581,0.8966
leaky_relu,Dice,NCR,73,0.6594,0.2549,0.5998,0.7159,0.6009,0.7179
leaky_relu,Dice,ED,73,0.79,0.1343,0.759,0.8193,0.7592,0.8209
leaky_relu,HD95,ET,73,1.7937,2.3485,1.3292,2.4025,1.255,2.3325
leaky_relu,HD95,TC,73,2.6151,4.1075,1.7829,3.6322,1.6728,3.5574
leaky_relu,HD95,WT,73,2.8433,7.986,1.5365,5.0045,1.0113,4.6753
leaky_relu,HD95,NCR,73,6.4497,7.5012,4.8861,8.2599,4.7289,8.1705
leaky_relu,HD95,ED,73,4.1609,8.7711,2.6182,6.4396,2.1488,6.173
leaky_relu,Sens,ET,73,0.8403,0.1074,0.8157,0.8637,0.8157,0.8649
leaky_relu,Sens,TC,73,0.8474,0.1058,0.8226,0.8709,0.8231,0.8716
leaky_relu,Sens,WT,73,0.8867,0.111,0.859,0.9098,0.8612,0.9122
leaky_relu,Sens,NCR,73,0.6113,0.2308,0.558,0.6634,0.5583,0.6642
leaky_relu,Sens,ED,73,0.8274,0.147,0.7926,0.8589,0.7936,0.8611
leaky_relu,Prec,ET,73,0.7973,0.1159,0.7697,0.8232,0.7707,0.8239
leaky_relu,Prec,TC,73,0.9027,0.1357,0.8705,0.9319,0.8716,0.9338
leaky_relu,Prec,WT,73,0.8821,0.0925,0.8608,0.9027,0.8609,0.9033
leaky_relu,Prec,NCR,73,0.8081,0.2665,0.7449,0.8658,0.747,0.8692
leaky_relu,Prec,ED,73,0.7781,0.1542,0.7411,0.8121,0.7428,0.8135
prelu,Dice,ET,73,0.7939,0.1158,0.766,0.8181,0.7674,0.8205
prelu,Dice,TC,73,0.8455,0.145,0.8112,0.8768,0.8123,0.8788
prelu,Dice,WT,73,0.8656,0.1099,0.8369,0.8884,0.8404,0.8908
prelu,Dice,NCR,73,0.6644,0.2485,0.6057,0.7188,0.6074,0.7214
prelu,Dice,ED,73,0.7749,0.1486,0.7403,0.8068,0.7408,0.809
prelu,HD95,ET,73,2.532,4.5597,1.6249,3.6412,1.486,3.578
prelu,HD95,TC,73,3.2248,5.3293,2.1099,4.5694,2.0023,4.4473
prelu,HD95,WT,73,2.6175,4.2945,1.7592,3.6661,1.6324,3.6027
prelu,HD95,NCR,73,5.8824,6.922,4.4444,7.5154,4.2945,7.4703
prelu,HD95,ED,73,4.4414,8.4222,2.889,6.5582,2.5093,6.3735
prelu,Sens,ET,73,0.7893,0.1515,0.7536,0.8216,0.7545,0.824
prelu,Sens,TC,73,0.8223,0.1436,0.7872,0.8533,0.7894,0.8553
prelu,Sens,WT,73,0.8484,0.1453,0.8131,0.8786,0.8151,0.8817
prelu,Sens,NCR,73,0.6507,0.248,0.5917,0.7057,0.5938,0.7076
prelu,Sens,ED,73,0.7765,0.1782,0.7335,0.8166,0.7356,0.8173
prelu,Prec,ET,73,0.8281,0.1094,0.8023,0.8514,0.803,0.8532
prelu,Prec,TC,73,0.8984,0.1596,0.86,0.9315,0.8618,0.935
prelu,Prec,WT,73,0.9062,0.0799,0.8872,0.9238,0.8878,0.9245
prelu,Prec,NCR,73,0.7792,0.2267,0.7238,0.827,0.7271,0.8312
prelu,Prec,ED,73,0.8073,0.1413,0.7745,0.8387,0.7749,0.8397
elu,Dice,ET,73,0.808,0.087,0.7869,0.8275,0.7881,0.828
elu,Dice,TC,73,0.8674,0.1085,0.8411,0.8908,0.8425,0.8923
elu,Dice,WT,73,0.8736,0.093,0.8512,0.8931,0.8523,0.8949
elu,Dice,NCR,73,0.6709,0.2367,0.6149,0.7241,0.6166,0.7252
elu,Dice,ED,73,0.7856,0.132,0.7545,0.8145,0.7553,0.8159
elu,HD95,ET,73,2.0114,3.2743,1.4149,2.8656,1.2603,2.7625
elu,HD95,TC,73,2.439,4.2438,1.579,3.5161,1.4655,3.4126
elu,HD95,WT,73,2.3921,4.0673,1.6034,3.4189,1.4591,3.3252
elu,HD95,NCR,73,5.6503,6.5923,4.2355,7.2532,4.1381,7.1626
elu,HD95,ED,73,3.695,5.0988,2.6755,5.0079,2.5253,4.8647
elu,Sens,ET,73,0.8227,0.1309,0.7918,0.8516,0.7927,0.8528
elu,Sens,TC,73,0.8489,0.1168,0.8211,0.8747,0.8222,0.8757
elu,Sens,WT,73,0.8646,0.1339,0.8325,0.8933,0.8339,0.8953
elu,Sens,NCR,73,0.6468,0.2389,0.5884,0.6979,0.592,0.7016
elu,Sens,ED,73,0.7943,0.1647,0.7555,0.8305,0.7565,0.832
elu,Prec,ET,73,0.8137,0.0994,0.7897,0.8362,0.7909,0.8365
elu,Prec,TC,73,0.9032,0.1221,0.8717,0.9278,0.8751,0.9312
elu,Prec,WT,73,0.9026,0.0756,0.884,0.9185,0.8852,0.9199
elu,Prec,NCR,73,0.7813,0.2235,0.7301,0.8291,0.73,0.8325
elu,Prec,ED,73,0.8094,0.1357,0.7782,0.839,0.7783,0.8405
gelu,Dice,ET,73,0.7969,0.0957,0.7732,0.8174,0.775,0.8189
gelu,Dice,TC,73,0.8541,0.1171,0.8261,0.8789,0.8273,0.881
gelu,Dice,WT,73,0.8741,0.085,0.8535,0.8921,0.8546,0.8936
gelu,Dice,NCR,73,0.6701,0.2414,0.6123,0.7234,0.6148,0.7255
gelu,Dice,ED,73,0.7866,0.1321,0.7561,0.8149,0.7563,0.8169
gelu,HD95,ET,73,1.9407,2.1545,1.5079,2.4795,1.4465,2.435
gelu,HD95,TC,73,2.6554,4.5403,1.7454,3.8254,1.6139,3.697
gelu,HD95,WT,73,2.6266,6.3027,1.5413,4.3662,1.1807,4.0724
gelu,HD95,NCR,73,5.7944,6.4751,4.434,7.3333,4.3091,7.2798
gelu,HD95,ED,73,3.9159,7.7788,2.5743,5.9432,2.1314,5.7004
gelu,Sens,ET,73,0.7899,0.136,0.7585,0.82,0.7587,0.8211
gelu,Sens,TC,73,0.8103,0.1344,0.7783,0.8397,0.7795,0.8411
gelu,Sens,WT,73,0.8761,0.1173,0.8468,0.9004,0.8492,0.903
gelu,Sens,NCR,73,0.6208,0.2453,0.5622,0.6763,0.5645,0.677
gelu,Sens,ED,73,0.8211,0.151,0.785,0.8539,0.7864,0.8557
gelu,Prec,ET,73,0.8277,0.1023,0.8032,0.8502,0.8042,0.8512
gelu,Prec,TC,73,0.923,0.115,0.8951,0.9464,0.8966,0.9494
gelu,Prec,WT,73,0.8876,0.0871,0.8672,0.9061,0.8676,0.9076
gelu,Prec,NCR,73,0.8029,0.2353,0.7453,0.853,0.7489,0.8568
gelu,Prec,ED,73,0.7778,0.1493,0.7414,0.8097,0.7435,0.812
swish,Dice,ET,73,0.8118,0.0918,0.7897,0.8315,0.7907,0.8329
swish,Dice,TC,73,0.864,0.1189,0.8348,0.8896,0.8367,0.8913
swish,Dice,WT,73,0.8711,0.098,0.8466,0.8915,0.8486,0.8936
swish,Dice,NCR,73,0.676,0.2437,0.6182,0.7276,0.6201,0.7319
swish,Dice,ED,73,0.7845,0.1349,0.7527,0.8141,0.7535,0.8154
swish,HD95,ET,73,2.1302,3.496,1.4622,3.0229,1.3282,2.9322
swish,HD95,TC,73,2.8579,5.3272,1.7609,4.1918,1.6358,4.0799
swish,HD95,WT,73,2.5393,3.7567,1.7688,3.4471,1.6775,3.4011
swish,HD95,NCR,73,6.0386,7.1806,4.5194,7.7627,4.3913,7.6858
swish,HD95,ED,73,3.6898,4.3671,2.7785,4.778,2.688,4.6916
swish,Sens,ET,73,0.8176,0.134,0.7853,0.8463,0.7868,0.8483
swish,Sens,TC,73,0.8396,0.1237,0.8106,0.8664,0.8112,0.868
swish,Sens,WT,73,0.8661,0.139,0.8333,0.8954,0.8342,0.8979
swish,Sens,NCR,73,0.6455,0.2364,0.5877,0.6993,0.5912,0.6997
swish,Sens,ED,73,0.8001,0.1701,0.7588,0.8367,0.761,0.8391
swish,Prec,ET,73,0.8273,0.0957,0.8056,0.8481,0.8053,0.8492
swish,Prec,TC,73,0.906,0.134,0.8726,0.9339,0.8753,0.9367
swish,Prec,WT,73,0.8963,0.0797,0.8774,0.9137,0.878,0.9146
swish,Prec,NCR,73,0.7839,0.2467,0.7251,0.8356,0.7273,0.8405
swish,Prec,ED,73,0.8003,0.1322,0.7702,0.8306,0.77,0.8307
mish,Dice,ET,73,0.8055,0.1094,0.7798,0.8288,0.7804,0.8306
mish,Dice,TC,73,0.8625,0.127,0.8319,0.8897,0.8333,0.8916
mish,Dice,WT,73,0.8768,0.0826,0.8574,0.8946,0.8579,0.8958
mish,Dice,NCR,73,0.6606,0.2584,0.6004,0.7182,0.6013,0.7199
mish,Dice,ED,73,0.7892,0.1276,0.7596,0.8168,0.7599,0.8184
mish,HD95,ET,73,2.2563,4.0286,1.4755,3.2642,1.3321,3.1805
mish,HD95,TC,73,3.0404,5.2928,1.9483,4.3446,1.8263,4.2546
mish,HD95,WT,73,2.2594,2.9931,1.642,2.9716,1.5728,2.946
mish,HD95,NCR,73,5.9398,6.632,4.5732,7.5123,4.4185,7.4612
mish,HD95,ED,73,3.4141,3.6058,2.6378,4.2349,2.5869,4.2412
mish,Sens,ET,73,0.8372,0.141,0.8031,0.8674,0.8048,0.8695
mish,Sens,TC,73,0.863,0.1005,0.8395,0.8848,0.8399,0.8861
mish,Sens,WT,73,0.8806,0.1141,0.853,0.9044,0.8545,0.9068
mish,Sens,NCR,73,0.6452,0.234,0.589,0.6976,0.5915,0.6989
mish,Sens,ED,73,0.8102,0.1518,0.7741,0.8435,0.7754,0.845
mish,Prec,ET,73,0.8031,0.1121,0.7771,0.8261,0.7774,0.8288
mish,Prec,TC,73,0.8821,0.16,0.8427,0.9146,0.8454,0.9188
mish,Prec,WT,73,0.8874,0.0903,0.866,0.9067,0.8667,0.9081
mish,Prec,NCR,73,0.7674,0.272,0.704,0.827,0.705,0.8298
mish,Prec,ED,73,0.7953,0.1419,0.7624,0.8263,0.7627,0.8278
elish,Dice,ET,73,0.7997,0.1318,0.7671,0.8269,0.7695,0.8299
elish,Dice,TC,73,0.8549,0.1557,0.8178,0.8876,0.8191,0.8906
elish,Dice,WT,73,0.8688,0.1154,0.8407,0.8926,0.8424,0.8953
elish,Dice,NCR,73,0.6598,0.2595,0.5976,0.7187,0.6003,0.7194
elish,Dice,ED,73,0.7829,0.1421,0.7481,0.8141,0.7503,0.8155
elish,HD95,ET,73,2.2689,4.6722,1.4297,3.5301,1.197,3.3407
elish,HD95,TC,73,2.857,5.601,1.7394,4.2512,1.5721,4.1419
elish,HD95,WT,73,2.3384,3.782,1.6157,3.3423,1.4708,3.206
elish,HD95,NCR,73,10.4784,43.4888,4.3577,21.469,0.5021,20.4548
elish,HD95,ED,73,3.5876,4.4142,2.6835,4.6937,2.575,4.6002
elish,Sens,ET,73,0.8321,0.1579,0.7925,0.8654,0.7959,0.8684
elish,Sens,TC,73,0.848,0.1616,0.8067,0.8818,0.8109,0.8851
elish,Sens,WT,73,0.875,0.1481,0.8389,0.9057,0.8411,0.909
elish,Sens,NCR,73,0.6324,0.2555,0.5713,0.6873,0.5738,0.691
elish,Sens,ED,73,0.8081,0.1675,0.7678,0.8454,0.7697,0.8465
elish,Prec,ET,73,0.8015,0.1073,0.7763,0.8251,0.7769,0.8261
elish,Prec,TC,73,0.8934,0.1368,0.859,0.922,0.862,0.9248
elish,Prec,WT,73,0.8878,0.0861,0.8672,0.9067,0.868,0.9075
elish,Prec,NCR,73,0.7754,0.2483,0.7159,0.828,0.7184,0.8323
elish,Prec,ED,73,0.7943,0.1421,0.7609,0.8249,0.7617,0.8269
hard_elish,Dice,ET,73,0.8044,0.0813,0.7848,0.8221,0.7857,0.823
hard_elish,Dice,TC,73,0.8654,0.102,0.8411,0.8859,0.842,0.8888
hard_elish,Dice,WT,73,0.8727,0.08,0.854,0.89,0.8544,0.8911
hard_elish,Dice,NCR,73,0.67,0.2347,0.6158,0.7222,0.6162,0.7239
hard_elish,Dice,ED,73,0.7845,0.1288,0.7536,0.813,0.755,0.814
hard_elish,HD95,ET,73,1.8745,2.6339,1.3634,2.5531,1.2703,2.4787
hard_elish,HD95,TC,73,2.5286,4.8185,1.5935,3.764,1.4232,3.6339
hard_elish,HD95,WT,73,2.0932,2.4934,1.5824,2.6974,1.5212,2.6651
hard_elish,HD95,NCR,73,5.6909,6.5686,4.3096,7.2933,4.184,7.1977
hard_elish,HD95,ED,73,3.3751,3.5009,2.6593,4.2204,2.572,4.1782
hard_elish,Sens,ET,73,0.8239,0.1155,0.7963,0.8499,0.7974,0.8504
hard_elish,Sens,TC,73,0.8312,0.1191,0.804,0.8581,0.8039,0.8586
hard_elish,Sens,WT,73,0.8952,0.107,0.8694,0.9176,0.8707,0.9198
hard_elish,Sens,NCR,73,0.6023,0.244,0.5468,0.6567,0.5464,0.6583
hard_elish,Sens,ED,73,0.841,0.14,0.8084,0.8716,0.8089,0.8731
hard_elish,Prec,ET,73,0.804,0.1078,0.7787,0.8275,0.7793,0.8288
hard_elish,Prec,TC,73,0.918,0.1151,0.8892,0.9415,0.8916,0.9444
hard_elish,Prec,WT,73,0.8667,0.0992,0.8427,0.8882,0.8439,0.8895
hard_elish,Prec,NCR,73,0.8352,0.205,0.7858,0.8788,0.7881,0.8822
hard_elish,Prec,ED,73,0.7596,0.1541,0.7237,0.7927,0.7242,0.7949
